Country,Cases,Deaths,UpdateTime
Algeria,5,0,7/6/20099:00
AntiguaandBarbuda,2,0,7/6/20099:00
Argentina,2485,60,7/6/20099:00
Australia,5298,10,7/6/20099:00
Austria,19,0,7/6/20099:00
Bahamas,7,0,7/6/20099:00
Bahrain,15,0,7/6/20099:00
Bangladesh,18,0,7/6/20099:00
Barbados,12,0,7/6/20099:00
Belgium,54,0,7/6/20099:00
Bermuda,UKOT,1,0,7/6/20099:00
Bolivia,416,0,7/6/20099:00
BosniaandHezegovina,1,0,7/6/20099:00
Brazil,737,1,7/6/20099:00
BritishVirginIslands,UKOT,2,0,7/6/20099:00
BruneiDarussalam,124,0,7/6/20099:00
Bulgaria,10,0,7/6/20099:00
Cambodia,7,0,7/6/20099:00
Canada,7983,25,7/6/20099:00
CapVerde,3,0,7/6/20099:00
CaymanIslands,UKOT,14,0,7/6/20099:00
Chile,7376,14,7/6/20099:00
China,2040,0,7/6/20099:00
Colombia,118,2,7/6/20099:00
CookIsland,1,0,7/6/20099:00
CostaRica,277,3,7/6/20099:00
Coted'Ivoire,2,0,7/6/20099:00
Croatia,1,0,7/6/20099:00
Cuba,85,0,7/6/20099:00
Cyprus,109,0,7/6/20099:00
CzechRepublic,15,0,7/6/20099:00
Denmark,66,0,7/6/20099:00
Dominica,1,0,7/6/20099:00
DominicanRepublic,108,2,7/6/20099:00
Ecuador,204,0,7/6/20099:00
Egypt,78,0,7/6/20099:00
ElSalvador,319,0,7/6/20099:00
Estonia,13,0,7/6/20099:00
Ethiopia,3,0,7/6/20099:00
Fiji,2,0,7/6/20099:00
Finland,47,0,7/6/20099:00
France,310,0,7/6/20099:00
FrenchPolynesia,FOC,4,0,7/6/20099:00
Guadaloupe,FOC,2,0,7/6/20099:00
Martinique,FOC,3,0,7/6/20099:00
NewCaledonia,FOC,12,0,7/6/20099:00
SaintMartin,FOC,1,0,7/6/20099:00
Germany,505,0,7/6/20099:00
Greece,151,0,7/6/20099:00
Guatemala ,286,2,7/6/20099:00
Guyana,2,0,7/6/20099:00
Honduras,123,1,7/6/20099:00
Hungary,11,0,7/6/20099:00
Iceland,4,0,7/6/20099:00
India,129,0,7/6/20099:00
Indonesia,20,0,7/6/20099:00
Iran,IslamicRepublic,1,0,7/6/20099:00
Iraq,12,0,7/6/20099:00
Ireland,74,0,7/6/20099:00
Israel,681,0,7/6/20099:00
Italy,146,0,7/6/20099:00
Jamaica,32,0,7/6/20099:00
Japan,1790,0,7/6/20099:00
Jordan,23,0,7/6/20099:00
Kenya,15,0,7/6/20099:00
Korea,Republicof,202,0,7/6/20099:00
Kuwait,35,0,7/6/20099:00
Laos,5,0,7/6/20099:00
Latvia,1,0,7/6/20099:00
Lebanon,49,0,7/6/20099:00
Libya,1,0,7/6/20099:00
Lithuania,3,0,7/6/20099:00
Luxembourg,6,0,7/6/20099:00
Malaysia,112,0,7/6/20099:00
Malta,24,0,7/6/20099:00
Mauritius,1,0,7/6/20099:00
Mexico,10262,119,7/6/20099:00
Montenegro,10,0,7/6/20099:00
Morocco,17,0,7/6/20099:00
Myanmar,1,0,7/6/20099:00
Nepal,5,0,7/6/20099:00
Netherlands,135,0,7/6/20099:00
Netherlands,Aruba,5,0,7/6/20099:00
NetherlandsAntilles,Curaçao,8,0,7/6/20099:00
NetherlandsAntilles,SintMaarten,7,0,7/6/20099:00
NewZealand,1059,3,7/6/20099:00
Nicaragua,321,0,7/6/20099:00
Norway,41,0,7/6/20099:00
Oman,4,0,7/6/20099:00
Palau,1,0,7/6/20099:00
Panama,417,0,7/6/20099:00
PapuaNewGuinea,1,0,7/6/20099:00
Paraguay,106,1,7/6/20099:00
Peru,916,0,7/6/20099:00
Philippines,1709,1,7/6/20099:00
Poland,25,0,7/6/20099:00
Portugal,42,0,7/6/20099:00
Qatar,23,0,7/6/20099:00
Romania,41,0,7/6/20099:00
Russia,3,0,7/6/20099:00
SaintLucia,1,0,7/6/20099:00
Samoa,1,0,7/6/20099:00
SaudiArabia,114,0,7/6/20099:00
Serbia,15,0,7/6/20099:00
Singapore,1055,0,7/6/20099:00
Slovakia,18,0,7/6/20099:00
Slovenia,14,0,7/6/20099:00
SouthAfrica,18,0,7/6/20099:00
Spain,776,1,7/6/20099:00
SriLanka,19,0,7/6/20099:00
Suriname,11,0,7/6/20099:00
Sweden,84,0,7/6/20099:00
Switzerland,76,0,7/6/20099:00
Syria,1,0,7/6/20099:00
Thailand,2076,7,7/6/20099:00
TheformerYugoslavRepublicofMacedonia,2,0,7/6/20099:00
TrinidadandTobago,65,0,7/6/20099:00
Tunisia,5,0,7/6/20099:00
Turkey,40,0,7/6/20099:00
Uganda,1,0,7/6/20099:00
Ukraine,1,0,7/6/20099:00
UnitedArabEmirates,8,0,7/6/20099:00
UnitedKingdom,7447,3,7/6/20099:00
Guernsey,CrownDependency,5,0,7/6/20099:00
IsleofMan,CrownDependency,1,0,7/6/20099:00
Jersey,CrownDependency,11,0,7/6/20099:00
UnitedStatesofAmerica,33902,170,7/6/20099:00
PuertoRico,18,0,7/6/20099:00
VirginIslands,1,0,7/6/20099:00
Uruguay,195,4,7/6/20099:00
Vanuatu,2,0,7/6/20099:00
Venezuela,206,0,7/6/20099:00
VietNam,181,0,7/6/20099:00
WestBankandGazaStrip,60,0,7/6/20099:00
Yemen,8,0,7/6/20099:00
GrandTotal,94512,429,7/6/20099:00
Algeria,5,0,7/3/20099:00
AntiguaandBarbuda,2,0,7/3/20099:00
Argentina,1587,26,7/3/20099:00
Australia,4568,9,7/3/20099:00
Austria,15,0,7/3/20099:00
Bahamas,6,0,7/3/20099:00
Bahrain,15,0,7/3/20099:00
Bangladesh,12,0,7/3/20099:00
Barbados,12,0,7/3/20099:00
Belgium,49,0,7/3/20099:00
Bermuda,UKOT,1,0,7/3/20099:00
Bolivia,283,0,7/3/20099:00
BosniaandHezegovina,1,0,7/3/20099:00
Brazil,737,1,7/3/20099:00
BritishVirginIslands,UKOT,2,0,7/3/20099:00
BruneiDarussalam,85,0,7/3/20099:00
Bulgaria,10,0,7/3/20099:00
Cambodia,7,0,7/3/20099:00
Canada,7983,25,7/3/20099:00
CapVerde,3,0,7/3/20099:00
CaymanIslands,UKOT,14,0,7/3/20099:00
Chile,7376,14,7/3/20099:00
China,1814,0,7/3/20099:00
Colombia,101,2,7/3/20099:00
CostaRica*,227,2,7/3/20099:00
Coted'Ivoire,2,0,7/3/20099:00
Cuba,73,0,7/3/20099:00
Cyprus,70,0,7/3/20099:00
CzechRepublic,15,0,7/3/20099:00
Denmark,63,0,7/3/20099:00
Dominica,1,0,7/3/20099:00
DominicanRepublic,108,2,7/3/20099:00
Ecuador,163,0,7/3/20099:00
Egypt,67,0,7/3/20099:00
ElSalvador,253,0,7/3/20099:00
Estonia,13,0,7/3/20099:00
Ethiopia,3,0,7/3/20099:00
Fiji,2,0,7/3/20099:00
Finland,43,0,7/3/20099:00
France,300,0,7/3/20099:00
FrenchPolynesia,FOC,2,0,7/3/20099:00
Martinique,FOC,2,0,7/3/20099:00
France,NewCaledonia,FOC,6,0,7/3/20099:00
Germany,470,0,7/3/20099:00
Greece,109,0,7/3/20099:00
Guatemala ,254,2,7/3/20099:00
Honduras,123,1,7/3/20099:00
Hungary,11,0,7/3/20099:00
Iceland,4,0,7/3/20099:00
India,104,0,7/3/20099:00
Indonesia,8,0,7/3/20099:00
Iran,1,0,7/3/20099:00
Iraq,11,0,7/3/20099:00
Ireland,51,0,7/3/20099:00
Israel,577,0,7/3/20099:00
Italy,130,0,7/3/20099:00
Jamaica,32,0,7/3/20099:00
Japan,1446,0,7/3/20099:00
Jordan,22,0,7/3/20099:00
Kenya,12,0,7/3/20099:00
Korea,Republicof,202,0,7/3/20099:00
Kuwait,35,0,7/3/20099:00
Laos,3,0,7/3/20099:00
Latvia,1,0,7/3/20099:00
Lebanon,47,0,7/3/20099:00
Lithuania,3,0,7/3/20099:00
Luxembourg,4,0,7/3/20099:00
Malaysia,112,0,7/3/20099:00
Malta,2,0,7/3/20099:00
Mauritius,1,0,7/3/20099:00
Mexico,10262,119,7/3/20099:00
Montenegro,9,0,7/3/20099:00
Morocco,17,0,7/3/20099:00
Myanmar,1,0,7/3/20099:00
Nepal,5,0,7/3/20099:00
Netherlands,134,0,7/3/20099:00
Netherlands,Aruba,5,0,7/3/20099:00
NetherlandsAntilles,Curaçao,8,0,7/3/20099:00
NetherlandsAntilles,SintMaarten,7,0,7/3/20099:00
NewZealand,912,0,7/3/20099:00
Nicaragua,308,0,7/3/20099:00
Norway,41,0,7/3/20099:00
Oman,3,0,7/3/20099:00
Palau,1,0,7/3/20099:00
Panama,417,0,7/3/20099:00
PapuaNewGuinea,1,0,7/3/20099:00
Paraguay,103,0,7/3/20099:00
Peru,538,0,7/3/20099:00
Philippines,1709,1,7/3/20099:00
Poland,19,0,7/3/20099:00
Portugal,27,0,7/3/20099:00
Qatar,10,0,7/3/20099:00
Romania,36,0,7/3/20099:00
Russia,3,0,7/3/20099:00
SaintLucia,1,0,7/3/20099:00
Samoa,1,0,7/3/20099:00
SaudiArabia,89,0,7/3/20099:00
Serbia,15,0,7/3/20099:00
Singapore,878,0,7/3/20099:00
Slovakia,18,0,7/3/20099:00
Slovenia,5,0,7/3/20099:00
SouthAfrica,12,0,7/3/20099:00
Spain,760,1,7/3/20099:00
SriLanka,17,0,7/3/20099:00
Suriname,11,0,7/3/20099:00
Sweden,74,0,7/3/20099:00
Switzerland,72,0,7/3/20099:00
Thailand,1414,3,7/3/20099:00
TrinidadandTobago,53,0,7/3/20099:00
Tunisia,3,0,7/3/20099:00
Turkey,40,0,7/3/20099:00
Uganda,1,0,7/3/20099:00
Ukraine,1,0,7/3/20099:00
UnitedArabEmirates,8,0,7/3/20099:00
UnitedKingdom,7447,3,7/3/20099:00
Guernsey,CrownDependency,5,0,7/3/20099:00
IsleofMan,CrownDependency,1,0,7/3/20099:00
Jersey,CrownDependency,11,0,7/3/20099:00
UnitedStatesofAmerica,33902,170,7/3/20099:00
Uruguay,195,1,7/3/20099:00
Vanuatu,2,0,7/3/20099:00
Venezuela,204,0,7/3/20099:00
VietNam,131,0,7/3/20099:00
WestBankandGazaStrip,30,0,7/3/20099:00
Yemen,7,0,7/3/20099:00
GrandTotal,89921,382,7/3/20099:00
Algeria,2,0,7/1/20099:00
AntiguaandBarbuda,2,0,7/1/20099:00
Argentina,1587,26,7/1/20099:00
Australia,4090,7,7/1/20099:00
Austria,15,0,7/1/20099:00
Bahamas,6,0,7/1/20099:00
Bahrain,15,0,7/1/20099:00
Bangladesh,1,0,7/1/20099:00
Barbados,10,0,7/1/20099:00
Belgium,47,0,7/1/20099:00
Bermuda,UKOT,1,0,7/1/20099:00
Bolivia,205,0,7/1/20099:00
Brazil,680,1,7/1/20099:00
BritishVirginIslands,UKOT,1,0,7/1/20099:00
BruneiDarussalam,29,0,7/1/20099:00
Bulgaria,10,0,7/1/20099:00
Cambodia,6,0,7/1/20099:00
Canada,7983,25,7/1/20099:00
CapVerde,3,0,7/1/20099:00
CaymanIslands,UKOT,13,0,7/1/20099:00
Chile,6211,12,7/1/20099:00
China,1518,0,7/1/20099:00
Colombia,93,2,7/1/20099:00
CostaRica,279,2,7/1/20099:00
Coted'Ivoire,2,0,7/1/20099:00
Cuba,46,0,7/1/20099:00
Cyprus,48,0,7/1/20099:00
CzechRepublic,9,0,7/1/20099:00
Denmark,55,0,7/1/20099:00
Dominica,1,0,7/1/20099:00
DominicanRepublic,108,2,7/1/20099:00
Ecuador,163,0,7/1/20099:00
Egypt,67,0,7/1/20099:00
ElSalvador,226,0,7/1/20099:00
Estonia,13,0,7/1/20099:00
Ethiopia,2,0,7/1/20099:00
Fiji,2,0,7/1/20099:00
Finland,26,0,7/1/20099:00
France,277,0,7/1/20099:00
    FrenchPolynesia,FOC,2,0,7/1/20099:00
    Martinique,FOC,2,0,7/1/20099:00
    France,NewCaledonia,FOC,6,0,7/1/20099:00
Germany,417,0,7/1/20099:00
Greece,92,0,7/1/20099:00
Guatemala ,254,2,7/1/20099:00
Honduras,118,1,7/1/20099:00
Hungary,10,0,7/1/20099:00
Iceland,4,0,7/1/20099:00
India,104,0,7/1/20099:00
Indonesia,8,0,7/1/20099:00
Iran,1,0,7/1/20099:00
Iraq,11,0,7/1/20099:00
Ireland,41,0,7/1/20099:00
Israel,506,0,7/1/20099:00
Italy,123,0,7/1/20099:00
Jamaica,32,0,7/1/20099:00
Japan,1266,0,7/1/20099:00
Jordan,20,0,7/1/20099:00
Kenya,1,0,7/1/20099:00
Korea,Republicof,202,0,7/1/20099:00
Kuwait,34,0,7/1/20099:00
Laos,3,0,7/1/20099:00
Latvia,1,0,7/1/20099:00
Lebanon,39,0,7/1/20099:00
Lithuania,1,0,7/1/20099:00
Luxembourg,4,0,7/1/20099:00
Malaysia,112,0,7/1/20099:00
Mauritius,7,0,7/1/20099:00
Mexico,8680,116,7/1/20099:00
Montenegro,4,0,7/1/20099:00
Morocco,17,0,7/1/20099:00
Myanmar,1,0,7/1/20099:00
Nepal,3,0,7/1/20099:00
Netherlands,128,0,7/1/20099:00
     NetherlandsAntilles,Curaçao,7,0,7/1/20099:00
     NetherlandsAntilles,SintMaarten,7,0,7/1/20099:00
NewZealand,711,0,7/1/20099:00
Nicaragua,293,0,7/1/20099:00
Norway,32,0,7/1/20099:00
Oman,3,0,7/1/20099:00
Panama,417,0,7/1/20099:00
PapuaNewGuinea,1,0,7/1/20099:00
Paraguay,96,0,7/1/20099:00
Peru,538,0,7/1/20099:00
Philippines,861,1,7/1/20099:00
Poland,15,0,7/1/20099:00
Portugal,17,0,7/1/20099:00
Qatar,10,0,7/1/20099:00
Romania,28,0,7/1/20099:00
Russia,3,0,7/1/20099:00
SaintLucia,1,0,7/1/20099:00
Samoa,1,0,7/1/20099:00
SaudiArabia,81,0,7/1/20099:00
Serbia,12,0,7/1/20099:00
Singapore,701,0,7/1/20099:00
Slovakia,13,0,7/1/20099:00
Slovenia,4,0,7/1/20099:00
SouthAfrica,1,0,7/1/20099:00
Spain,717,1,7/1/20099:00
SriLanka,15,0,7/1/20099:00
Suriname,11,0,7/1/20099:00
Sweden,69,0,7/1/20099:00
Switzerland,56,0,7/1/20099:00
Thailand,1414,3,7/1/20099:00
TrinidadandTobago,53,0,7/1/20099:00
Tunisia,3,0,7/1/20099:00
Turkey,32,0,7/1/20099:00
Ukraine,1,0,7/1/20099:00
UnitedArabEmirates,8,0,7/1/20099:00
UnitedKingdom,6538,3,7/1/20099:00
     Guernsey,CrownDependency,5,0,7/1/20099:00
     IsleofMan,CrownDependency,1,0,7/1/20099:00
     Jersey,CrownDependency,8,0,7/1/20099:00
UnitedStatesofAmerica,27717,127,7/1/20099:00
Uruguay,195,1,7/1/20099:00
Vanuatu,2,0,7/1/20099:00
Venezuela,193,0,7/1/20099:00
VietNam,123,0,7/1/20099:00
WestBankandGazaStrip,13,0,7/1/20099:00
Yemen,7,0,7/1/20099:00
GrandTotal,77201,332,7/1/20099:00
Algeria,2,0,6/29/20099:00
AntiguaandBarbuda,2,0,6/29/20099:00
Argentina,1488,23,6/29/20099:00
Australia,4038,7,6/29/20099:00
Austria,12,0,6/29/20099:00
Bahamas,4,0,6/29/20099:00
Bahrain,15,0,6/29/20099:00
Bangladesh,1,0,6/29/20099:00
Barbados,10,0,6/29/20099:00
Belgium,43,0,6/29/20099:00
Bermuda,UKOT,1,0,6/29/20099:00
Bolivia,126,0,6/29/20099:00
Brazil,452,0,6/29/20099:00
BritishVirginIslands,UKOT,1,0,6/29/20099:00
BruneiDarussalam,29,0,6/29/20099:00
Bulgaria,7,0,6/29/20099:00
Cambodia,6,0,6/29/20099:00
Canada,7775,21,6/29/20099:00
CapVerde,3,0,6/29/20099:00
CaymanIslands,UKOT,9,0,6/29/20099:00
Chile,5186,7,6/29/20099:00
China,1442,0,6/29/20099:00
Colombia,88,2,6/29/20099:00
CostaRica,255,1,6/29/20099:00
Coted'Ivoire,2,0,6/29/20099:00
Cuba,34,0,6/29/20099:00
Cyprus,25,0,6/29/20099:00
CzechRepublic,9,0,6/29/20099:00
Denmark,44,0,6/29/20099:00
Dominica,1,0,6/29/20099:00
DominicanRepublic,108,2,6/29/20099:00
Ecuador,125,0,6/29/20099:00
Egypt,50,0,6/29/20099:00
ElSalvador,226,0,6/29/20099:00
Estonia,13,0,6/29/20099:00
Ethiopia,2,0,6/29/20099:00
Fiji,2,0,6/29/20099:00
Finland,26,0,6/29/20099:00
France,235,0,6/29/20099:00
    FrenchPolynesia,FOC,3,0,6/29/20099:00
    Martinique,FOC,2,0,6/29/20099:00
Germany,366,0,6/29/20099:00
Greece,86,0,6/29/20099:00
Guatemala ,254,2,6/29/20099:00
Honduras,118,1,6/29/20099:00
Hungary,8,0,6/29/20099:00
Iceland,4,0,6/29/20099:00
India,64,0,6/29/20099:00
Indonesia,8,0,6/29/20099:00
Iran,1,0,6/29/20099:00
Iraq,10,0,6/29/20099:00
Ireland,39,0,6/29/20099:00
Israel,469,0,6/29/20099:00
Italy,112,0,6/29/20099:00
Jamaica,21,0,6/29/20099:00
Japan,1212,0,6/29/20099:00
Jordan,18,0,6/29/20099:00
Korea,Republicof,202,0,6/29/20099:00
Kuwait,30,0,6/29/20099:00
Laos,3,0,6/29/20099:00
Latvia,1,0,6/29/20099:00
Lebanon,25,0,6/29/20099:00
Lithuania,1,0,6/29/20099:00
Luxembourg,4,0,6/29/20099:00
Malaysia,112,0,6/29/20099:00
Mexico,8279,116,6/29/20099:00
Monaco,1,0,6/29/20099:00
Montenegro,1,0,6/29/20099:00
Morocco,11,0,6/29/20099:00
Nepal,3,0,6/29/20099:00
Netherlands,118,0,6/29/20099:00
     NetherlandsAntilles,Curaçao*,3,0,6/29/20099:00
     NetherlandsAntilles,SintMaarten,1,0,6/29/20099:00
NewZealand,587,0,6/29/20099:00
Nicaragua,277,0,6/29/20099:00
Norway,31,0,6/29/20099:00
Oman,3,0,6/29/20099:00
Panama,403,0,6/29/20099:00
PapuaNewGuinea,1,0,6/29/20099:00
Paraguay,85,0,6/29/20099:00
Peru,360,0,6/29/20099:00
Philippines,861,1,6/29/20099:00
Poland,14,0,6/29/20099:00
Portugal,11,0,6/29/20099:00
Qatar,10,0,6/29/20099:00
Romania,24,0,6/29/20099:00
Russia,3,0,6/29/20099:00
Samoa,1,0,6/29/20099:00
SaudiArabia,69,0,6/29/20099:00
Serbia,5,0,6/29/20099:00
Singapore,599,0,6/29/20099:00
Slovakia,9,0,6/29/20099:00
Slovenia,4,0,6/29/20099:00
SouthAfrica,1,0,6/29/20099:00
Spain,541,0,6/29/20099:00
SriLanka,9,0,6/29/20099:00
Suriname,11,0,6/29/20099:00
Sweden,67,0,6/29/20099:00
Switzerland,49,0,6/29/20099:00
Thailand,774,0,6/29/20099:00
TrinidadandTobago,53,0,6/29/20099:00
Tunisia,2,0,6/29/20099:00
Turkey,27,0,6/29/20099:00
Ukraine,1,0,6/29/20099:00
UnitedArabEmirates,8,0,6/29/20099:00
UnitedKingdom,4250,1,6/29/20099:00
     Guernsey,CrownDependency,1,0,6/29/20099:00
     IsleofMan,CrownDependency,1,0,6/29/20099:00
     Jersey,CrownDependency,8,0,6/29/20099:00
UnitedStatesofAmerica,27717,127,6/29/20099:00
Uruguay,195,0,6/29/20099:00
Vanuatu,2,0,6/29/20099:00
Venezuela,172,0,6/29/20099:00
VietNam,84,0,6/29/20099:00
WestBankandGazaStrip,9,0,6/29/20099:00
Yemen,6,0,6/29/20099:00
Algeria,2,0,6/26/20097:00
AntiguaandBarbuda,2,0,6/26/20097:00
Argentina,1391,21,6/26/20097:00
Australia,3280,3,6/26/20097:00
Austria,12,0,6/26/20097:00
Bahamas,4,0,6/26/20097:00
Bahrain,15,0,6/26/20097:00
Bangladesh,1,0,6/26/20097:00
Barbados,10,0,6/26/20097:00
Belgium,36,0,6/26/20097:00
Bermuda,UKOT,1,0,6/26/20097:00
Bolivia,47,0,6/26/20097:00
Brazil,399,0,6/26/20097:00
BritishVirginIslands,UKOT,1,0,6/26/20097:00
BruneiDarussalam,11,0,6/26/20097:00
Bulgaria,7,0,6/26/20097:00
Cambodia,5,0,6/26/20097:00
Canada,6732,19,6/26/20097:00
CapVerde,3,0,6/26/20097:00
CaymanIslands,UKOT,9,0,6/26/20097:00
Chile,5186,7,6/26/20097:00
China,1089,0,6/26/20097:00
Colombia,72,2,6/26/20097:00
CostaRica,222,1,6/26/20097:00
Coted'Ivoire,2,0,6/26/20097:00
Cuba,34,0,6/26/20097:00
Cyprus,9,0,6/26/20097:00
CzechRepublic,9,0,6/26/20097:00
Denmark,41,0,6/26/20097:00
Dominica,1,0,6/26/20097:00
DominicanRepublic,108,2,6/26/20097:00
Ecuador,125,0,6/26/20097:00
Egypt,43,0,6/26/20097:00
ElSalvador,160,0,6/26/20097:00
Estonia,8,0,6/26/20097:00
Ethiopia,2,0,6/26/20097:00
Fiji,2,0,6/26/20097:00
Finland,26,0,6/26/20097:00
France,191,0,6/26/20097:00
    FrenchPolynesia,FOC,1,0,6/26/20097:00
    Martinique,FOC,2,0,6/26/20097:00
Germany,333,0,6/26/20097:00
Greece,73,0,6/26/20097:00
Guatemala ,254,2,6/26/20097:00
Honduras,118,1,6/26/20097:00
Hungary,8,0,6/26/20097:00
Iceland,4,0,6/26/20097:00
India,64,0,6/26/20097:00
Indonesia,2,0,6/26/20097:00
Iran,1,0,6/26/20097:00
Ireland,29,0,6/26/20097:00
Israel,405,0,6/26/20097:00
Italy,102,0,6/26/20097:00
Jamaica,19,0,6/26/20097:00
Japan,1049,0,6/26/20097:00
Jordan,15,0,6/26/20097:00
Korea,Republicof,142,0,6/26/20097:00
Kuwait,30,0,6/26/20097:00
Laos,3,0,6/26/20097:00
Latvia,1,0,6/26/20097:00
Lebanon,25,0,6/26/20097:00
Luxembourg,3,0,6/26/20097:00
Malaysia,68,0,6/26/20097:00
Mexico,8279,116,6/26/20097:00
Montenegro,1,0,6/26/20097:00
Morocco,11,0,6/26/20097:00
Netherlands,116,0,6/26/20097:00
     NetherlandsAntilles,Curaçao*,3,0,6/26/20097:00
     NetherlandsAntilles,SintMaarten,1,0,6/26/20097:00
NewZealand,453,0,6/26/20097:00
Nicaragua,265,0,6/26/20097:00
Norway,22,0,6/26/20097:00
Oman,3,0,6/26/20097:00
Panama,358,0,6/26/20097:00
PapuaNewGuinea,1,0,6/26/20097:00
Paraguay,79,0,6/26/20097:00
Peru,252,0,6/26/20097:00
Philippines,445,1,6/26/20097:00
Poland,13,0,6/26/20097:00
Portugal,7,0,6/26/20097:00
Qatar,10,0,6/26/20097:00
Romania,19,0,6/26/20097:00
Russia,3,0,6/26/20097:00
Samoa,1,0,6/26/20097:00
SaudiArabia,48,0,6/26/20097:00
Serbia,2,0,6/26/20097:00
Singapore,315,0,6/26/20097:00
Slovakia,7,0,6/26/20097:00
Slovenia,3,0,6/26/20097:00
SouthAfrica,1,0,6/26/20097:00
Spain,541,0,6/26/20097:00
SriLanka,7,0,6/26/20097:00
Suriname,11,0,6/26/20097:00
Sweden,61,0,6/26/20097:00
Switzerland,47,0,6/26/20097:00
Thailand,774,0,6/26/20097:00
TrinidadandTobago,25,0,6/26/20097:00
Tunisia,2,0,6/26/20097:00
Turkey,26,0,6/26/20097:00
Ukraine,1,0,6/26/20097:00
UnitedArabEmirates,7,0,6/26/20097:00
UnitedKingdom,3597,1,6/26/20097:00
     Guernsey,CrownDependency,1,0,6/26/20097:00
     IsleofMan,CrownDependency,1,0,6/26/20097:00
     Jersey,CrownDependency,8,0,6/26/20097:00
UnitedStatesofAmerica,21449,87,6/26/20097:00
Uruguay,195,0,6/26/20097:00
Vanuatu,2,0,6/26/20097:00
Venezuela,153,0,6/26/20097:00
VietNam,63,0,6/26/20097:00
WestBankandGazaStrip,9,0,6/26/20097:00
Yemen,6,0,6/26/20097:00
GrandTotal,59814,263,6/26/20097:00
Algeria,2,0,6/24/20097:00
AntiguaandBarbuda,2,0,6/24/20097:00
Argentina,1213,7,6/24/20097:00
Australia,2857,2,6/24/20097:00
Austria,12,0,6/24/20097:00
Bahamas,4,0,6/24/20097:00
Bahrain,15,0,6/24/20097:00
Bangladesh,1,0,6/24/20097:00
Barbados,5,0,6/24/20097:00
Belgium,30,0,6/24/20097:00
Bermuda,UKOT,1,0,6/24/20097:00
Bolivia,44,0,6/24/20097:00
Brazil,334,0,6/24/20097:00
BritishVirginIslands,UKOT,1,0,6/24/20097:00
BruneiDarussalam,4,0,6/24/20097:00
Bulgaria,5,0,6/24/20097:00
Cambodia,1,0,6/24/20097:00
Canada,6457,15,6/24/20097:00
CapVerde,3,0,6/24/20097:00
CaymanIslands,UKOT,7,0,6/24/20097:00
Chile,4315,4,6/24/20097:00
China,906,0,6/24/20097:00
Colombia,71,2,6/24/20097:00
CostaRica,189,1,6/24/20097:00
Coted'Ivoire,2,0,6/24/20097:00
Cuba,15,0,6/24/20097:00
Cyprus,5,0,6/24/20097:00
CzechRepublic,7,0,6/24/20097:00
Denmark,34,0,6/24/20097:00
Dominica,1,0,6/24/20097:00
DominicanRepublic,108,2,6/24/20097:00
Ecuador,115,0,6/24/20097:00
Egypt,40,0,6/24/20097:00
ElSalvador,160,0,6/24/20097:00
Estonia,5,0,6/24/20097:00
Ethiopia,2,0,6/24/20097:00
Fiji,2,0,6/24/20097:00
Finland,26,0,6/24/20097:00
France,171,0,6/24/20097:00
    FrenchPolynesia,FOC,1,0,6/24/20097:00
    Martinique,FOC,2,0,6/24/20097:00
Germany,301,0,6/24/20097:00
Greece,58,0,6/24/20097:00
Guatemala ,235,1,6/24/20097:00
Honduras,118,0,6/24/20097:00
Hungary,7,0,6/24/20097:00
Iceland,4,0,6/24/20097:00
India,64,0,6/24/20097:00
Ireland,23,0,6/24/20097:00
Israel,375,0,6/24/20097:00
Italy,96,0,6/24/20097:00
Jamaica,19,0,6/24/20097:00
Japan,893,0,6/24/20097:00
Jordan,15,0,6/24/20097:00
Korea,Republicof,115,0,6/24/20097:00
Kuwait,26,0,6/24/20097:00
Laos,3,0,6/24/20097:00
Latvia,1,0,6/24/20097:00
Lebanon,25,0,6/24/20097:00
Luxembourg,3,0,6/24/20097:00
Malaysia,68,0,6/24/20097:00
Mexico,7847,115,6/24/20097:00
Montenegro,1,0,6/24/20097:00
Morocco,9,0,6/24/20097:00
Netherlands,110,0,6/24/20097:00
     NetherlandsAntilles,Curaçao*,3,0,6/24/20097:00
     NetherlandsAntilles,SintMaarten,1,0,6/24/20097:00
NewZealand,386,0,6/24/20097:00
Nicaragua,220,0,6/24/20097:00
Norway,22,0,6/24/20097:00
Oman,3,0,6/24/20097:00
Panama,330,0,6/24/20097:00
PapuaNewGuinea,1,0,6/24/20097:00
Paraguay,58,0,6/24/20097:00
Peru,217,0,6/24/20097:00
Philippines,445,1,6/24/20097:00
Poland,13,0,6/24/20097:00
Portugal,6,0,6/24/20097:00
Qatar,10,0,6/24/20097:00
Romania,19,0,6/24/20097:00
Russia,3,0,6/24/20097:00
Samoa,1,0,6/24/20097:00
SaudiArabia,45,0,6/24/20097:00
Singapore,194,0,6/24/20097:00
Slovakia,4,0,6/24/20097:00
Slovenia,1,0,6/24/20097:00
SouthAfrica,1,0,6/24/20097:00
Spain,539,0,6/24/20097:00
SriLanka,5,0,6/24/20097:00
Suriname,11,0,6/24/20097:00
Sweden,55,0,6/24/20097:00
Switzerland,33,0,6/24/20097:00
Thailand,774,0,6/24/20097:00
TrinidadandTobago,25,0,6/24/20097:00
Tunisia,2,0,6/24/20097:00
Turkey,26,0,6/24/20097:00
Ukraine,1,0,6/24/20097:00
UnitedArabEmirates,2,0,6/24/20097:00
UnitedKingdom,2905,1,6/24/20097:00
     IsleofMan,CrownDependency,1,0,6/24/20097:00
     Jersey,CrownDependency,3,0,6/24/20097:00
UnitedStatesofAmerica,21449,87,6/24/20097:00
Uruguay,195,0,6/24/20097:00
Vanuatu,1,,6/24/20097:00
Venezuela,135,0,6/24/20097:00
VietNam,56,0,6/24/20097:00
WestBankandGazaStrip,8,0,6/24/20097:00
Yemen,6,0,6/24/20097:00
GrandTotal,55867,238,6/24/20097:00
Algeria,1,0,6/22/20097:00
Argentina,1010,7,6/22/20097:00
Australia,2436,1,6/22/20097:00
Austria,9,0,6/22/20097:00
Bahamas,2,0,6/22/20097:00
Bahrain,15,0,6/22/20097:00
Bangladesh,1,0,6/22/20097:00
Barbados,4,0,6/22/20097:00
Belgium,29,0,6/22/20097:00
Bermuda,UKOT,1,0,6/22/20097:00
Bolivia,25,0,6/22/20097:00
Brazil,131,0,6/22/20097:00
BritishVirginIslands,UKOT,1,0,6/22/20097:00
BruneiDarussalam,1,0,6/22/20097:00
Bulgaria,2,0,6/22/20097:00
Canada,5710,13,6/22/20097:00
CaymanIslands,UKOT,4,0,6/22/20097:00
Chile,4315,4,6/22/20097:00
China,739,0,6/22/20097:00
Colombia,71,2,6/22/20097:00
CostaRica,149,1,6/22/20097:00
Cuba,15,0,6/22/20097:00
Cyprus,4,0,6/22/20097:00
CzechRepublic,7,0,6/22/20097:00
Denmark,23,0,6/22/20097:00
Dominica,1,0,6/22/20097:00
DominicanRepublic,93,1,6/22/20097:00
Ecuador,95,0,6/22/20097:00
Egypt,39,0,6/22/20097:00
ElSalvador,160,0,6/22/20097:00
Estonia,5,0,6/22/20097:00
Fiji,1,0,6/22/20097:00
Finland,13,0,6/22/20097:00
France,147,0,6/22/20097:00
    FrenchPolynesia,FOC,1,0,6/22/20097:00
    Martinique,FOC,1,0,6/22/20097:00
Germany,275,0,6/22/20097:00
Greece,48,0,6/22/20097:00
Guatemala ,208,1,6/22/20097:00
Honduras,108,0,6/22/20097:00
Hungary,7,0,6/22/20097:00
Iceland,4,0,6/22/20097:00
India,44,0,6/22/20097:00
Ireland,23,0,6/22/20097:00
Israel,291,0,6/22/20097:00
Italy,88,0,6/22/20097:00
Jamaica,19,0,6/22/20097:00
Japan,850,0,6/22/20097:00
Jordan,13,0,6/22/20097:00
Korea,Republicof,105,0,6/22/20097:00
Kuwait,26,0,6/22/20097:00
Laos,2,0,6/22/20097:00
Lebanon,12,0,6/22/20097:00
Luxembourg,3,0,6/22/20097:00
Malaysia,23,0,6/22/20097:00
Mexico,7624,113,6/22/20097:00
Morocco*,6,0,6/22/20097:00
Netherlands,91,0,6/22/20097:00
     NetherlandsAntilles,Curaçao**,3,0,6/22/20097:00
     NetherlandsAntilles,SintMaarten,1,0,6/22/20097:00
NewZealand,258,0,6/22/20097:00
Nicaragua,189,0,6/22/20097:00
Norway,17,0,6/22/20097:00
Oman,3,0,6/22/20097:00
Panama,330,0,6/22/20097:00
PapuaNewGuinea,1,0,6/22/20097:00
Paraguay,48,0,6/22/20097:00
Peru,185,0,6/22/20097:00
Philippines,344,0,6/22/20097:00
Poland,13,0,6/22/20097:00
Portugal,6,0,6/22/20097:00
Qatar,8,0,6/22/20097:00
Romania,18,0,6/22/20097:00
Russia,3,0,6/22/20097:00
Samoa,1,0,6/22/20097:00
SaudiArabia,35,0,6/22/20097:00
Singapore,142,0,6/22/20097:00
Slovakia,3,0,6/22/20097:00
Slovenia,1,0,6/22/20097:00
SouthAfrica,1,0,6/22/20097:00
Spain,522,0,6/22/20097:00
SriLanka,4,0,6/22/20097:00
Suriname,11,0,6/22/20097:00
Sweden,48,0,6/22/20097:00
Switzerland,31,0,6/22/20097:00
Thailand,589,0,6/22/20097:00
TrinidadandTobago,18,0,6/22/20097:00
Turkey,20,0,6/22/20097:00
Ukraine,1,0,6/22/20097:00
UnitedArabEmirates,2,0,6/22/20097:00
UnitedKingdom,2506,1,6/22/20097:00
     IsleofMan,CrownDependency,1,0,6/22/20097:00
     Jersey,CrownDependency,1,0,6/22/20097:00
UnitedStatesofAmerica,21449,87,6/22/20097:00
Uruguay,36,0,6/22/20097:00
Venezuela,71,0,6/22/20097:00
VietNam,35,0,6/22/20097:00
WestBankandGazaStrip,8,0,6/22/20097:00
Yemen,5,0,6/22/20097:00
GrandTotal,52160,231,6/22/20097:00
Argentina,918,4,6/19/20097:00
Australia,2199,0,6/19/20097:00
Austria,8,0,6/19/20097:00
Bahamas,2,0,6/19/20097:00
Bahrain,12,0,6/19/20097:00
Barbados,4,0,6/19/20097:00
Belgium,19,0,6/19/20097:00
Bermuda,UKOT,1,0,6/19/20097:00
Bolivia,11,0,6/19/20097:00
Brazil,96,0,6/19/20097:00
BritishVirginIslands,UKOT,1,0,6/19/20097:00
Bulgaria,2,0,6/19/20097:00
Canada,4905,12,6/19/20097:00
CaymanIslands,UKOT,4,0,6/19/20097:00
Chile,3125,2,6/19/20097:00
China,519,0,6/19/20097:00
Colombia,60,1,6/19/20097:00
CostaRica,149,1,6/19/20097:00
Cuba,15,0,6/19/20097:00
Cyprus,1,0,6/19/20097:00
CzechRepublic,5,0,6/19/20097:00
Denmark,22,0,6/19/20097:00
Dominica,1,0,6/19/20097:00
DominicanRepublic,93,1,6/19/20097:00
Ecuador,86,0,6/19/20097:00
Egypt,29,0,6/19/20097:00
ElSalvador,160,0,6/19/20097:00
Estonia,5,0,6/19/20097:00
Finland,13,0,6/19/20097:00
France,131,0,6/19/20097:00
    FrenchPolynesia,FOC,1,0,6/19/20097:00
    Martinique,FOC,1,0,6/19/20097:00
Germany,238,0,6/19/20097:00
Greece,31,0,6/19/20097:00
Guatemala ,153,1,6/19/20097:00
Honduras,108,0,6/19/20097:00
Hungary,7,0,6/19/20097:00
Iceland,4,0,6/19/20097:00
India,30,0,6/19/20097:00
Ireland,16,0,6/19/20097:00
Israel,219,0,6/19/20097:00
Italy,88,0,6/19/20097:00
Jamaica,14,0,6/19/20097:00
Japan,690,0,6/19/20097:00
Jordan,2,0,6/19/20097:00
Korea,Republicof,84,0,6/19/20097:00
Kuwait,18,0,6/19/20097:00
Laos,1,0,6/19/20097:00
Lebanon,12,0,6/19/20097:00
Luxembourg,2,0,6/19/20097:00
Malaysia,23,0,6/19/20097:00
Mexico,7624,113,6/19/20097:00
Morocco,8,0,6/19/20097:00
Netherlands,87,0,6/19/20097:00
     NetherlandsAntilles,Curaçao*,3,0,6/19/20097:00
     NetherlandsAntilles,SintMaarten,1,0,6/19/20097:00
NewZealand,216,0,6/19/20097:00
Nicaragua,144,0,6/19/20097:00
Norway,17,0,6/19/20097:00
Oman,3,0,6/19/20097:00
Panama,272,0,6/19/20097:00
PapuaNewGuinea,1,0,6/19/20097:00
Paraguay,27,0,6/19/20097:00
Peru,141,0,6/19/20097:00
Philippines,311,0,6/19/20097:00
Poland,7,0,6/19/20097:00
Portugal,5,0,6/19/20097:00
Qatar,3,0,6/19/20097:00
Romania,18,0,6/19/20097:00
Russia,3,0,6/19/20097:00
Samoa,1,0,6/19/20097:00
SaudiArabia,22,0,6/19/20097:00
Singapore,77,0,6/19/20097:00
Slovakia,3,0,6/19/20097:00
SouthAfrica,1,0,6/19/20097:00
Spain,512,0,6/19/20097:00
SriLanka,1,0,6/19/20097:00
Suriname,11,0,6/19/20097:00
Sweden,43,0,6/19/20097:00
Switzerland,27,0,6/19/20097:00
Thailand,518,0,6/19/20097:00
TrinidadandTobago,18,0,6/19/20097:00
Turkey,20,0,6/19/20097:00
Ukraine,1,0,6/19/20097:00
UnitedArabEmirates,2,0,6/19/20097:00
UnitedKingdom,1752,1,6/19/20097:00
     IsleofMan,CrownDependency,1,0,6/19/20097:00
     Jersey,CrownDependency,1,0,6/19/20097:00
UnitedStatesofAmerica,17855,44,6/19/20097:00
Uruguay,36,0,6/19/20097:00
Venezuela,60,0,6/19/20097:00
VietNam,27,0,6/19/20097:00
WestBankandGazaStrip,5,0,6/19/20097:00
Yemen,4,0,6/19/20097:00
GrandTotal,44287,180,6/19/20097:00
Argentina,733,1,6/17/200912:00
Australia,2112,0,6/17/200912:00
Austria,7,0,6/17/200912:00
Bahamas,2,0,6/17/200912:00
Bahrain,12,0,6/17/200912:00
Barbados,3,0,6/17/200912:00
Belgium,19,0,6/17/200912:00
Bermuda,UKOT,1,0,6/17/200912:00
Bolivia,11,0,6/17/200912:00
Brazil,79,0,6/17/200912:00
BritishVirginIslands,UKOT,1,0,6/17/200912:00
Bulgaria,2,0,6/17/200912:00
Canada,4049,7,6/17/200912:00
CaymanIslands,UKOT,4,0,6/17/200912:00
Chile,2335,2,6/17/200912:00
China,382,0,6/17/200912:00
Colombia,53,1,6/17/200912:00
CostaRica,149,1,6/17/200912:00
Cuba,7,0,6/17/200912:00
Cyprus,1,0,6/17/200912:00
CzechRepublic,4,0,6/17/200912:00
Denmark,15,0,6/17/200912:00
Dominica,1,0,6/17/200912:00
DominicanRepublic,93,1,6/17/200912:00
Ecuador,86,0,6/17/200912:00
Egypt,26,0,6/17/200912:00
ElSalvador,125,0,6/17/200912:00
Estonia,4,0,6/17/200912:00
Finland,12,0,6/17/200912:00
France,118,0,6/17/200912:00
France,FrenchPolynesia,FOC,1,0,6/17/200912:00
France,Martinique,FOC,1,0,6/17/200912:00
Germany,195,0,6/17/200912:00
Greece,23,0,6/17/200912:00
Guatemala,128,1,6/17/200912:00
Honduras,100,0,6/17/200912:00
Hungary,4,0,6/17/200912:00
Iceland,4,0,6/17/200912:00
India,30,0,6/17/200912:00
Ireland,12,0,6/17/200912:00
Israel,152,0,6/17/200912:00
Italy,72,0,6/17/200912:00
Jamaica,12,0,6/17/200912:00
Japan,666,0,6/17/200912:00
Jordan,2,0,6/17/200912:00
Korea,Republicof,65,0,6/17/200912:00
Kuwait,18,0,6/17/200912:00
Lebanon,11,0,6/17/200912:00
Luxembourg,2,0,6/17/200912:00
Malaysia,17,0,6/17/200912:00
Mexico,6241,108,6/17/200912:00
Morocco,3,0,6/17/200912:00
Netherlands,68,0,6/17/200912:00
Netherlands,Curacao,OT,1,0,6/17/200912:00
NewZealand,127,0,6/17/200912:00
Nicaragua,118,0,6/17/200912:00
Norway,13,0,6/17/200912:00
Panama,272,0,6/17/200912:00
Paraguay,25,0,6/17/200912:00
Peru,112,0,6/17/200912:00
Philippines,193,0,6/17/200912:00
Poland,7,0,6/17/200912:00
Portugal,3,0,6/17/200912:00
Qatar,3,0,6/17/200912:00
Romania,16,0,6/17/200912:00
Russia,3,0,6/17/200912:00
Samoa,1,0,6/17/200912:00
SaudiArabia,17,0,6/17/200912:00
Singapore,49,0,6/17/200912:00
Slovakia,3,0,6/17/200912:00
Spain,499,0,6/17/200912:00
SriLanka,1,0,6/17/200912:00
Sweden,37,0,6/17/200912:00
Switzerland,27,0,6/17/200912:00
Thailand,310,0,6/17/200912:00
TrinidadandTobago,5,0,6/17/200912:00
Turkey,16,0,6/17/200912:00
Ukraine,1,0,6/17/200912:00
UnitedArabEmirates,1,0,6/17/200912:00
UnitedKingdom,1461,1,6/17/200912:00
UnitedKingdom,IsleofMan,CrownDependency,1,0,6/17/200912:00
UnitedKingdom,Jersey,CrownDependency,1,0,6/17/200912:00
UnitedStatesofAmerica*,17855,44,6/17/200912:00
Uruguay,36,0,6/17/200912:00
Venezuela,45,0,6/17/200912:00
VietNam,27,0,6/17/200912:00
WestBankandGazaStrip,2,0,6/17/200912:00
Yemen,1,0,6/17/200912:00
GrandTotal,39620,167,6/17/200912:00
Argentina,343,0,6/15/200917:00
Australia,1823,0,6/15/200917:00
Austria,7,0,6/15/200917:00
Bahamas,1,0,6/15/200917:00
Bahrain,1,0,6/15/200917:00
Barbados,3,0,6/15/200917:00
Belgium,17,0,6/15/200917:00
Bolivia,7,0,6/15/200917:00
Brazil,54,0,6/15/200917:00
Bulgaria,2,0,6/15/200917:00
Canada,2978,4,6/15/200917:00
CaymanIslands,UKOT,2,0,6/15/200917:00
Chile,1694,2,6/15/200917:00
China,318,0,6/15/200917:00
Colombia,42,1,6/15/200917:00
CostaRica,104,1,6/15/200917:00
Cuba,6,0,6/15/200917:00
Cyprus,1,0,6/15/200917:00
CzechRepublic,4,0,6/15/200917:00
Denmark,12,0,6/15/200917:00
Dominica,1,0,6/15/200917:00
DominicanRepublic,93,1,6/15/200917:00
Ecuador,80,0,6/15/200917:00
Egypt,18,0,6/15/200917:00
ElSalvador,95,0,6/15/200917:00
Estonia,4,0,6/15/200917:00
Finland,4,0,6/15/200917:00
France,80,0,6/15/200917:00
Germany,170,0,6/15/200917:00
Greece,19,0,6/15/200917:00
Guatemala,119,1,6/15/200917:00
Honduras,89,0,6/15/200917:00
Hungary,4,0,6/15/200917:00
Iceland,4,0,6/15/200917:00
India,16,0,6/15/200917:00
Ireland,12,0,6/15/200917:00
Israel,117,0,6/15/200917:00
Italy,67,0,6/15/200917:00
Jamaica,11,0,6/15/200917:00
Japan,605,0,6/15/200917:00
Korea,Republicof,65,0,6/15/200917:00
Kuwait,18,0,6/15/200917:00
Lebanon,8,0,6/15/200917:00
Luxembourg,1,0,6/15/200917:00
Malaysia,5,0,6/15/200917:00
Mexico,6241,108,6/15/200917:00
Morocco,1,0,6/15/200917:00
Netherlands,61,0,6/15/200917:00
NewZealand,86,0,6/15/200917:00
Nicaragua,56,0,6/15/200917:00
Norway,13,0,6/15/200917:00
Panama,272,0,6/15/200917:00
Paraguay,25,0,6/15/200917:00
Peru,91,0,6/15/200917:00
Philippines,77,0,6/15/200917:00
Poland,7,0,6/15/200917:00
Portugal,3,0,6/15/200917:00
Romania,13,0,6/15/200917:00
Russia,3,0,6/15/200917:00
SaudiArabia,11,0,6/15/200917:00
Singapore,47,0,6/15/200917:00
Slovakia,3,0,6/15/200917:00
Spain,488,0,6/15/200917:00
Sweden,32,0,6/15/200917:00
Switzerland,22,0,6/15/200917:00
Thailand,29,0,6/15/200917:00
TrinidadandTobago,5,0,6/15/200917:00
Turkey,10,0,6/15/200917:00
Ukraine,1,0,6/15/200917:00
UnitedArabEmirates,1,0,6/15/200917:00
UnitedKingdom,1226,0,6/15/200917:00
UnitedStatesofAmerica,17855,45,6/15/200917:00
Uruguay,36,0,6/15/200917:00
Venezuela,25,0,6/15/200917:00
VietNam,25,0,6/15/200917:00
WestBankandGazaStrip,2,0,6/15/200917:00
GrandTotal,35928,163,6/15/200917:00
Argentina,343,0,6/12/20097:00
Australia,1307,0,6/12/20097:00
Austria,7,0,6/12/20097:00
Bahamas,1,0,6/12/20097:00
Bahrain,1,0,6/12/20097:00
Barbados,3,0,6/12/20097:00
Belgium,14,0,6/12/20097:00
Bolivia,5,0,6/12/20097:00
Brazil,52,0,6/12/20097:00
Bulgaria,2,0,6/12/20097:00
Canada,2978,4,6/12/20097:00
CaymanIslands,UKOT,2,0,6/12/20097:00
Chile,1694,2,6/12/20097:00
China,188,0,6/12/20097:00
Colombia,35,1,6/12/20097:00
CostaRica,104,1,6/12/20097:00
Cuba,6,0,6/12/20097:00
Cyprus,1,0,6/12/20097:00
CzechRepublic,4,0,6/12/20097:00
Denmark,11,0,6/12/20097:00
Dominica,1,0,6/12/20097:00
DominicanRepublic,91,1,6/12/20097:00
Ecuador,67,0,6/12/20097:00
Egypt,10,0,6/12/20097:00
ElSalvador,69,0,6/12/20097:00
Estonia,4,0,6/12/20097:00
Finland,4,0,6/12/20097:00
France,73,0,6/12/20097:00
Germany,95,0,6/12/20097:00
Greece,7,0,6/12/20097:00
Guatemala,74,1,6/12/20097:00
Honduras,89,0,6/12/20097:00
Hungary,4,0,6/12/20097:00
Iceland,4,0,6/12/20097:00
India,9,0,6/12/20097:00
Ireland,12,0,6/12/20097:00
Israel,68,0,6/12/20097:00
Italy,56,0,6/12/20097:00
Jamaica,11,0,6/12/20097:00
Japan,549,0,6/12/20097:00
Korea,Republicof,53,0,6/12/20097:00
Kuwait,18,0,6/12/20097:00
Lebanon,8,0,6/12/20097:00
Luxembourg,1,0,6/12/20097:00
Malaysia,5,0,6/12/20097:00
Mexico,6241,108,6/12/20097:00
Netherlands,35,0,6/12/20097:00
NewZealand,27,0,6/12/20097:00
Nicaragua,56,0,6/12/20097:00
Norway,13,0,6/12/20097:00
Panama,221,0,6/12/20097:00
Paraguay,25,0,6/12/20097:00
Peru,79,0,6/12/20097:00
Philippines,77,0,6/12/20097:00
Poland,7,0,6/12/20097:00
Portugal,2,0,6/12/20097:00
Romania,11,0,6/12/20097:00
Russia,3,0,6/12/20097:00
SaudiArabia,1,0,6/12/20097:00
Singapore,18,0,6/12/20097:00
Slovakia,3,0,6/12/20097:00
Spain,488,0,6/12/20097:00
Sweden,19,0,6/12/20097:00
Switzerland,20,0,6/12/20097:00
Thailand,8,0,6/12/20097:00
TrinidadandTobago,4,0,6/12/20097:00
Turkey,10,0,6/12/20097:00
Ukraine,1,0,6/12/20097:00
UnitedArabEmirates,1,0,6/12/20097:00
UnitedKingdom,822,0,6/12/20097:00
UnitedStatesofAmerica,13217,27,6/12/20097:00
Uruguay,36,0,6/12/20097:00
Venezuela,25,0,6/12/20097:00
VietNam,23,0,6/12/20097:00
GrandTotal,29669,145,6/12/20097:00
Argentina,256,0,6/11/200914:00
Australia,1307,0,6/11/200914:00
Austria,7,0,6/11/200914:00
Bahamas,1,0,6/11/200914:00
Bahrain,1,0,6/11/200914:00
Barbados,3,0,6/11/200914:00
Belgium,14,0,6/11/200914:00
Bolivia,5,0,6/11/200914:00
Brazil,40,0,6/11/200914:00
Bulgaria,2,0,6/11/200914:00
Canada,2446,4,6/11/200914:00
CaymanIslands,UKOT,2,0,6/11/200914:00
Chile,1694,2,6/11/200914:00
China,174,0,6/11/200914:00
Colombia,35,1,6/11/200914:00
CostaRica,104,1,6/11/200914:00
Cuba,5,0,6/11/200914:00
Cyprus,1,0,6/11/200914:00
CzechRepublic,4,0,6/11/200914:00
Denmark,10,0,6/11/200914:00
Dominica,1,0,6/11/200914:00
DominicanRepublic,91,1,6/11/200914:00
Ecuador,67,0,6/11/200914:00
Egypt,10,0,6/11/200914:00
ElSalvador,69,0,6/11/200914:00
Estonia,4,0,6/11/200914:00
Finland,4,0,6/11/200914:00
France,73,0,6/11/200914:00
Germany,95,0,6/11/200914:00
Greece,7,0,6/11/200914:00
Guatemala,60,0,6/11/200914:00
Honduras,89,0,6/11/200914:00
Hungary,4,0,6/11/200914:00
Iceland,3,0,6/11/200914:00
India,9,0,6/11/200914:00
Ireland,12,0,6/11/200914:00
Israel,68,0,6/11/200914:00
Italy,54,0,6/11/200914:00
Jamaica,10,0,6/11/200914:00
Japan,518,0,6/11/200914:00
Korea,Republicof,53,0,6/11/200914:00
Kuwait,18,0,6/11/200914:00
Lebanon,8,0,6/11/200914:00
Luxembourg,1,0,6/11/200914:00
Malaysia,5,0,6/11/200914:00
Mexico,6241,108,6/11/200914:00
Netherlands,30,0,6/11/200914:00
NewZealand,23,0,6/11/200914:00
Nicaragua,45,0,6/11/200914:00
Norway,13,0,6/11/200914:00
Panama,221,0,6/11/200914:00
Paraguay,25,0,6/11/200914:00
Peru,64,0,6/11/200914:00
Philippines,77,0,6/11/200914:00
Poland,7,0,6/11/200914:00
Portugal,2,0,6/11/200914:00
Romania,11,0,6/11/200914:00
Russia,3,0,6/11/200914:00
SaudiArabia,1,0,6/11/200914:00
Singapore,18,0,6/11/200914:00
Slovakia,3,0,6/11/200914:00
Spain,357,0,6/11/200914:00
Sweden,19,0,6/11/200914:00
Switzerland,20,0,6/11/200914:00
Thailand,8,0,6/11/200914:00
TrinidadandTobago,2,0,6/11/200914:00
Turkey,10,0,6/11/200914:00
Ukraine,1,0,6/11/200914:00
UnitedArabEmirates,1,0,6/11/200914:00
UnitedKingdom,822,0,6/11/200914:00
UnitedStatesofAmerica,13217,27,6/11/200914:00
Uruguay,24,0,6/11/200914:00
Venezuela,13,0,6/11/200914:00
VietNam,16,0,6/11/200914:00
GrandTotal,28774,144,6/11/200914:00
Argentina,235,0,6/10/20096:00
Australia,1224,0,6/10/20096:00
Austria,5,0,6/10/20096:00
Bahamas,2,0,6/10/20096:00
Bahrain,1,0,6/10/20096:00
Barbados,2,0,6/10/20096:00
Belgium,14,0,6/10/20096:00
Bolivia,3,0,6/10/20096:00
Brazil,36,0,6/10/20096:00
Bulgaria,2,0,6/10/20096:00
Canada,2446,4,6/10/20096:00
CaymanIslands,UKOT,1,0,6/10/20096:00
Chile,1694,2,6/10/20096:00
China,142,0,6/10/20096:00
Colombia,35,0,6/10/20096:00
CostaRica,93,1,6/10/20096:00
Cuba,5,0,6/10/20096:00
Cyprus,1,0,6/10/20096:00
CzechRepublic,2,0,6/10/20096:00
Denmark,8,0,6/10/20096:00
Dominica,1,0,6/10/20096:00
DominicanRepublic,91,1,6/10/20096:00
Ecuador,60,0,6/10/20096:00
Egypt,8,0,6/10/20096:00
ElSalvador,69,0,6/10/20096:00
Estonia,4,0,6/10/20096:00
Finland,4,0,6/10/20096:00
France,71,0,6/10/20096:00
Germany,78,0,6/10/20096:00
Greece,5,0,6/10/20096:00
Guatemala,60,0,6/10/20096:00
Honduras,89,0,6/10/20096:00
Hungary,3,0,6/10/20096:00
Iceland,2,0,6/10/20096:00
India,4,0,6/10/20096:00
Ireland,12,0,6/10/20096:00
Israel,63,0,6/10/20096:00
Italy,50,0,6/10/20096:00
Jamaica,7,0,6/10/20096:00
Japan,485,0,6/10/20096:00
Korea,Republicof,48,0,6/10/20096:00
Kuwait,18,0,6/10/20096:00
Lebanon,8,0,6/10/20096:00
Luxembourg,1,0,6/10/20096:00
Malaysia,5,0,6/10/20096:00
Mexico,5717,106,6/10/20096:00
Netherlands,22,0,6/10/20096:00
NewZealand,23,0,6/10/20096:00
Nicaragua,29,0,6/10/20096:00
Norway,9,0,6/10/20096:00
Panama,221,0,6/10/20096:00
Paraguay,16,0,6/10/20096:00
Peru,64,0,6/10/20096:00
Philippines,54,0,6/10/20096:00
Poland,6,0,6/10/20096:00
Portugal,2,0,6/10/20096:00
Romania,9,0,6/10/20096:00
Russia,3,0,6/10/20096:00
SaudiArabia,1,0,6/10/20096:00
Singapore,18,0,6/10/20096:00
Slovakia,3,0,6/10/20096:00
Spain,331,0,6/10/20096:00
Sweden,16,0,6/10/20096:00
Switzerland,16,0,6/10/20096:00
Thailand,8,0,6/10/20096:00
TrinidadandTobago,2,0,6/10/20096:00
Turkey,10,0,6/10/20096:00
Ukraine,1,0,6/10/20096:00
UnitedArabEmirates,1,0,6/10/20096:00
UnitedKingdom,666,0,6/10/20096:00
UnitedStatesofAmerica,13217,27,6/10/20096:00
Uruguay,24,0,6/10/20096:00
Venezuela,12,0,6/10/20096:00
VietNam,15,0,6/10/20096:00
GrandTotal,27737,141,6/10/20096:00
Argentina,202,0,6/8/20096:00
Australia,1051,0,6/8/20096:00
Austria,5,0,6/8/20096:00
Bahamas,1,0,6/8/20096:00
Bahrain,1,0,6/8/20096:00
Barbados,2,0,6/8/20096:00
Belgium,14,0,6/8/20096:00
Bolivia,3,0,6/8/20096:00
Brazil,35,0,6/8/20096:00
Bulgaria,2,0,6/8/20096:00
Canada,2115,3,6/8/20096:00
CaymanIslands,UKOT,1,0,6/8/20096:00
Chile,411,1,6/8/20096:00
China,108,0,6/8/20096:00
Colombia,25,0,6/8/20096:00
CostaRica,68,1,6/8/20096:00
Cuba,5,0,6/8/20096:00
Cyprus,1,0,6/8/20096:00
CzechRepublic,2,0,6/8/20096:00
Denmark,7,0,6/8/20096:00
Dominica,1,0,6/8/20096:00
DominicanRepublic,44,1,6/8/20096:00
Ecuador,60,0,6/8/20096:00
Egypt,1,0,6/8/20096:00
ElSalvador,69,0,6/8/20096:00
Estonia,3,0,6/8/20096:00
Finland,4,0,6/8/20096:00
France,58,0,6/8/20096:00
Germany,63,0,6/8/20096:00
Greece,5,0,6/8/20096:00
Guatemala,30,0,6/8/20096:00
Honduras,34,0,6/8/20096:00
Hungary,3,0,6/8/20096:00
Iceland,1,0,6/8/20096:00
India,4,0,6/8/20096:00
Ireland,11,0,6/8/20096:00
Israel,54,0,6/8/20096:00
Italy,50,0,6/8/20096:00
Jamaica,4,0,6/8/20096:00
Japan,410,0,6/8/20096:00
Korea,Republicof,47,0,6/8/20096:00
Kuwait,18,0,6/8/20096:00
Lebanon,3,0,6/8/20096:00
Luxembourg,1,0,6/8/20096:00
Malaysia,5,0,6/8/20096:00
Mexico,5717,106,6/8/20096:00
Netherlands,10,0,6/8/20096:00
NewZealand,14,0,6/8/20096:00
Nicaragua,18,0,6/8/20096:00
Norway,9,0,6/8/20096:00
Panama,179,0,6/8/20096:00
Paraguay,5,0,6/8/20096:00
Peru,61,0,6/8/20096:00
Philippines,33,0,6/8/20096:00
Poland,5,0,6/8/20096:00
Portugal,2,0,6/8/20096:00
Romania,9,0,6/8/20096:00
Russia,3,0,6/8/20096:00
SaudiArabia,1,0,6/8/20096:00
Singapore,15,0,6/8/20096:00
Slovakia,3,0,6/8/20096:00
Spain,291,0,6/8/20096:00
Sweden,14,0,6/8/20096:00
Switzerland,16,0,6/8/20096:00
Thailand,8,0,6/8/20096:00
TrinidadandTobago,2,0,6/8/20096:00
Turkey,10,0,6/8/20096:00
UnitedArabEmirates,1,0,6/8/20096:00
UnitedKingdom,557,0,6/8/20096:00
UnitedStatesofAmerica,13217,27,6/8/20096:00
Uruguay,17,0,6/8/20096:00
Venezuela,4,0,6/8/20096:00
VietNam,9,0,6/8/20096:00
GrandTotal,25288,139,6/8/20096:00
Argentina,147,0,6/5/20096:00
Australia,876,0,6/5/20096:00
Austria,2,0,6/5/20096:00
Bahamas,1,0,6/5/20096:00
Bahrain,1,0,6/5/20096:00
Barbados,1,0,6/5/20096:00
Belgium,13,0,6/5/20096:00
Bolivia,3,0,6/5/20096:00
Brazil,28,0,6/5/20096:00
Bulgaria,1,0,6/5/20096:00
Canada,1795,3,6/5/20096:00
Chile,369,1,6/5/20096:00
China,89,0,6/5/20096:00
Colombia,24,0,6/5/20096:00
CostaRica,68,1,6/5/20096:00
Cuba,4,0,6/5/20096:00
Cyprus,1,0,6/5/20096:00
CzechRepublic,2,0,6/5/20096:00
Denmark,4,0,6/5/20096:00
DominicanRepublic,33,0,6/5/20096:00
Ecuador,43,0,6/5/20096:00
Egypt,1,0,6/5/20096:00
ElSalvador,49,0,6/5/20096:00
Estonia,3,0,6/5/20096:00
Finland,4,0,6/5/20096:00
France,47,0,6/5/20096:00
Germany,43,0,6/5/20096:00
Greece,5,0,6/5/20096:00
Guatemala,23,0,6/5/20096:00
Honduras,34,0,6/5/20096:00
Hungary,3,0,6/5/20096:00
Iceland,1,0,6/5/20096:00
India,4,0,6/5/20096:00
Ireland,8,0,6/5/20096:00
Israel,39,0,6/5/20096:00
Italy,38,0,6/5/20096:00
Jamaica,2,0,6/5/20096:00
Japan,410,0,6/5/20096:00
Korea,Republicof,41,0,6/5/20096:00
Kuwait,18,0,6/5/20096:00
Lebanon,3,0,6/5/20096:00
Luxembourg,1,0,6/5/20096:00
Malaysia,2,0,6/5/20096:00
Mexico,5563,103,6/5/20096:00
Netherlands,4,0,6/5/20096:00
NewZealand,11,0,6/5/20096:00
Nicaragua,5,0,6/5/20096:00
Norway,9,0,6/5/20096:00
Panama,173,0,6/5/20096:00
Paraguay,5,0,6/5/20096:00
Peru,47,0,6/5/20096:00
Philippines,29,0,6/5/20096:00
Poland,4,0,6/5/20096:00
Portugal,2,0,6/5/20096:00
Romania,8,0,6/5/20096:00
Russia,3,0,6/5/20096:00
SaudiArabia,1,0,6/5/20096:00
Singapore,12,0,6/5/20096:00
Slovakia,3,0,6/5/20096:00
Spain,218,0,6/5/20096:00
Sweden,13,0,6/5/20096:00
Switzerland,10,0,6/5/20096:00
Thailand,8,0,6/5/20096:00
Turkey,8,0,6/5/20096:00
UnitedKingdom,428,0,6/5/20096:00
UnitedStatesofAmerica,11054,17,6/5/20096:00
Uruguay,15,0,6/5/20096:00
Venezuela,4,0,6/5/20096:00
VietNam,3,0,6/5/20096:00
GrandTotal,21940,125,6/5/20096:00
Argentina,131,0,6/3/20096:00
Australia,501,0,6/3/20096:00
Austria,1,0,6/3/20096:00
Bahamas,1,0,6/3/20096:00
Bahrain,1,0,6/3/20096:00
Belgium,13,0,6/3/20096:00
Bolivia,3,0,6/3/20096:00
Brazil,20,0,6/3/20096:00
Bulgaria,1,0,6/3/20096:00
Canada,1530,2,6/3/20096:00
Chile,313,0,6/3/20096:00
China,69,0,6/3/20096:00
Colombia,20,0,6/3/20096:00
CostaRica,50,1,6/3/20096:00
Cuba,4,0,6/3/20096:00
Cyprus,1,0,6/3/20096:00
CzechRepublic,1,0,6/3/20096:00
Denmark,1,0,6/3/20096:00
DominicanRepublic,11,0,6/3/20096:00
Ecuador,39,0,6/3/20096:00
Egypt,1,0,6/3/20096:00
ElSalvador,41,0,6/3/20096:00
Estonia,1,0,6/3/20096:00
Finland,4,0,6/3/20096:00
France,26,0,6/3/20096:00
Germany,28,0,6/3/20096:00
Greece,5,0,6/3/20096:00
Guatemala,14,0,6/3/20096:00
Honduras,2,0,6/3/20096:00
Hungary,1,0,6/3/20096:00
Iceland,1,0,6/3/20096:00
India,1,0,6/3/20096:00
Ireland,4,0,6/3/20096:00
Israel,33,0,6/3/20096:00
Italy,30,0,6/3/20096:00
Jamaica,2,0,6/3/20096:00
Japan,385,0,6/3/20096:00
Korea,Republicof,41,0,6/3/20096:00
Kuwait,18,0,6/3/20096:00
Lebanon,3,0,6/3/20096:00
Malaysia,2,0,6/3/20096:00
Mexico,5029,97,6/3/20096:00
Netherlands,4,0,6/3/20096:00
NewZealand,10,0,6/3/20096:00
Nicaragua,1,0,6/3/20096:00
Norway,4,0,6/3/20096:00
Panama,155,0,6/3/20096:00
Paraguay,5,0,6/3/20096:00
Peru,40,0,6/3/20096:00
Philippines,16,0,6/3/20096:00
Poland,4,0,6/3/20096:00
Portugal,2,0,6/3/20096:00
Romania,5,0,6/3/20096:00
Russia,3,0,6/3/20096:00
Singapore,9,0,6/3/20096:00
Slovakia,2,0,6/3/20096:00
Spain,180,0,6/3/20096:00
Sweden,7,0,6/3/20096:00
Switzerland,10,0,6/3/20096:00
Thailand,2,0,6/3/20096:00
Turkey,4,0,6/3/20096:00
UnitedKingdom,339,0,6/3/20096:00
UnitedStatesofAmerica,10053,17,6/3/20096:00
Uruguay,15,0,6/3/20096:00
Venezuela,3,0,6/3/20096:00
VietNam,3,0,6/3/20096:00
GrandTotal,19273,117,6/3/20096:00
Argentina,100,0,6/1/20096:00
Australia,297,0,6/1/20096:00
Austria,1,0,6/1/20096:00
Bahamas,1,0,6/1/20096:00
Bahrain,1,0,6/1/20096:00
Belgium,12,0,6/1/20096:00
Bolivia,3,0,6/1/20096:00
Brazil,18,0,6/1/20096:00
Canada,1336,2,6/1/20096:00
Chile,250,0,6/1/20096:00
China,52,0,6/1/20096:00
Colombia,20,0,6/1/20096:00
CostaRica,37,1,6/1/20096:00
Cuba,4,0,6/1/20096:00
Cyprus,1,0,6/1/20096:00
CzechRepublic,1,0,6/1/20096:00
Denmark,1,0,6/1/20096:00
DominicanRepublic,2,0,6/1/20096:00
Ecuador,39,0,6/1/20096:00
ElSalvador,27,0,6/1/20096:00
Estonia,1,0,6/1/20096:00
Finland,3,0,6/1/20096:00
France,24,0,6/1/20096:00
Germany,28,0,6/1/20096:00
Greece,4,0,6/1/20096:00
Guatemala ,12,0,6/1/20096:00
Honduras,2,0,6/1/20096:00
Hungary,1,0,6/1/20096:00
Iceland,1,0,6/1/20096:00
India,1,0,6/1/20096:00
Ireland,4,0,6/1/20096:00
Israel,19,0,6/1/20096:00
Italy,29,0,6/1/20096:00
Jamaica,2,0,6/1/20096:00
Japan,370,0,6/1/20096:00
Korea,Republicof,33,0,6/1/20096:00
Kuwait,18,0,6/1/20096:00
Malaysia,2,0,6/1/20096:00
Mexico,5029,97,6/1/20096:00
Netherlands,3,0,6/1/20096:00
NewZealand,9,0,6/1/20096:00
Norway,4,0,6/1/20096:00
Panama,107,0,6/1/20096:00
Paraguay,5,0,6/1/20096:00
Peru,36,0,6/1/20096:00
Philippines,16,0,6/1/20096:00
Poland,4,0,6/1/20096:00
Portugal,1,0,6/1/20096:00
Romania,3,0,6/1/20096:00
Russia,3,0,6/1/20096:00
Singapore,5,0,6/1/20096:00
Slovakia,2,0,6/1/20096:00
Spain,178,0,6/1/20096:00
Sweden,4,0,6/1/20096:00
Switzerland,8,0,6/1/20096:00
Thailand,2,0,6/1/20096:00
Turkey,4,0,6/1/20096:00
UnitedKingdom,229,0,6/1/20096:00
UnitedStatesofAmerica,8975,15,6/1/20096:00
Uruguay,11,0,6/1/20096:00
Venezuela,2,0,6/1/20096:00
VietNam,1,0,6/1/20096:00
GrandTotal,17410,115,6/1/20096:00
Argentina,37,0,5/29/20096:00
Australia,147,0,5/29/20096:00
Austria,1,0,5/29/20096:00
Bahrain,1,0,5/29/20096:00
Belgium,8,0,5/29/20096:00
Brazil,10,0,5/29/20096:00
Canada,1118,2,5/29/20096:00
Chile,165,0,5/29/20096:00
China,30,0,5/29/20096:00
Colombia,17,0,5/29/20096:00
CostaRica,33,1,5/29/20096:00
Cuba,4,0,5/29/20096:00
CzechRepublic,1,0,5/29/20096:00
Denmark,1,0,5/29/20096:00
DominicanRepublic,2,0,5/29/20096:00
Ecuador,32,0,5/29/20096:00
ElSalvador,11,0,5/29/20096:00
Finland,3,0,5/29/20096:00
France,21,0,5/29/20096:00
Germany,19,0,5/29/20096:00
Greece,3,0,5/29/20096:00
Guatemala,5,0,5/29/20096:00
Honduras,1,0,5/29/20096:00
Iceland,1,0,5/29/20096:00
India,1,0,5/29/20096:00
Ireland,3,0,5/29/20096:00
Israel,11,0,5/29/20096:00
Italy,26,0,5/29/20096:00
Japan,364,0,5/29/20096:00
Korea,Republicof,33,0,5/29/20096:00
Kuwait,18,0,5/29/20096:00
Malaysia,2,0,5/29/20096:00
Mexico,4910,85,5/29/20096:00
Netherlands,3,0,5/29/20096:00
NewZealand,9,0,5/29/20096:00
Norway,4,0,5/29/20096:00
Panama,107,0,5/29/20096:00
Peru,31,0,5/29/20096:00
Philippines,6,0,5/29/20096:00
Poland,4,0,5/29/20096:00
Portugal,1,0,5/29/20096:00
Romania,3,0,5/29/20096:00
Russia,2,0,5/29/20096:00
Singapore,4,0,5/29/20096:00
Slovakia,1,0,5/29/20096:00
Spain,143,0,5/29/20096:00
Sweden,4,0,5/29/20096:00
Switzerland,4,0,5/29/20096:00
Thailand,2,0,5/29/20096:00
Turkey,2,0,5/29/20096:00
UnitedKingdom,203,0,5/29/20096:00
UnitedStatesofAmerica,7927,11,5/29/20096:00
Uruguay,2,0,5/29/20096:00
GrandTotal,15510,99,5/29/20096:00
Argentina,19,0,5/27/20098:00
Australia,39,0,5/27/20098:00
Austria,1,0,5/27/20098:00
Bahrain,1,0,5/27/20098:00
Belgium,7,0,5/27/20098:00
Brazil,9,0,5/27/20098:00
Canada,921,1,5/27/20098:00
Chile,86,0,5/27/20098:00
China,22,0,5/27/20098:00
Colombia,16,0,5/27/20098:00
CostaRica,33,1,5/27/20098:00
Cuba,4,0,5/27/20098:00
Denmark,1,0,5/27/20098:00
Ecuador,28,0,5/27/20098:00
ElSalvador,11,0,5/27/20098:00
Finland,2,0,5/27/20098:00
France,16,0,5/27/20098:00
Germany,17,0,5/27/20098:00
Greece,1,0,5/27/20098:00
Guatemala ,5,0,5/27/20098:00
Honduras,1,0,5/27/20098:00
Iceland,1,0,5/27/20098:00
India,1,0,5/27/20098:00
Ireland,1,0,5/27/20098:00
Israel,9,0,5/27/20098:00
Italy,23,0,5/27/20098:00
Japan,360,0,5/27/20098:00
Korea,Republicof,21,0,5/27/20098:00
Kuwait,18,0,5/27/20098:00
Malaysia,2,0,5/27/20098:00
Mexico,4541,83,5/27/20098:00
Netherlands,3,0,5/27/20098:00
NewZealand,9,0,5/27/20098:00
Norway,4,0,5/27/20098:00
Panama,76,0,5/27/20098:00
Peru,27,0,5/27/20098:00
Philippines,2,0,5/27/20098:00
Poland,3,0,5/27/20098:00
Portugal,1,0,5/27/20098:00
Russia,2,0,5/27/20098:00
Singapore,1,0,5/27/20098:00
Spain,138,0,5/27/20098:00
Sweden,3,0,5/27/20098:00
Switzerland,3,0,5/27/20098:00
Thailand,2,0,5/27/20098:00
Turkey,2,0,5/27/20098:00
UnitedKingdom,137,0,5/27/20098:00
UnitedStatesofAmerica,6764,10,5/27/20098:00
GrandTotal,13398,95,5/27/20098:00
Argentina,5,0,5/26/20096:00
Australia,19,0,5/26/20096:00
Austria,1,0,5/26/20096:00
Belgium,7,0,5/26/20096:00
Brazil,9,0,5/26/20096:00
Canada,921,1,5/26/20096:00
Chile,74,0,5/26/20096:00
China,20,0,5/26/20096:00
Colombia,16,0,5/26/20096:00
CostaRica,33,1,5/26/20096:00
Cuba,4,0,5/26/20096:00
Denmark,1,0,5/26/20096:00
Ecuador,24,0,5/26/20096:00
ElSalvador,6,0,5/26/20096:00
Finland,2,0,5/26/20096:00
France,16,0,5/26/20096:00
Germany,17,0,5/26/20096:00
Greece,1,0,5/26/20096:00
Guatemala,4,0,5/26/20096:00
Honduras,1,0,5/26/20096:00
Iceland,1,0,5/26/20096:00
India,1,0,5/26/20096:00
Ireland,1,0,5/26/20096:00
Israel,8,0,5/26/20096:00
Italy,19,0,5/26/20096:00
Japan,350,0,5/26/20096:00
Korea,Republicof,21,0,5/26/20096:00
Kuwait,18,0,5/26/20096:00
Malaysia,2,0,5/26/20096:00
Mexico,4174,80,5/26/20096:00
Netherlands,3,0,5/26/20096:00
NewZealand,9,0,5/26/20096:00
Norway,4,0,5/26/20096:00
Panama,76,0,5/26/20096:00
Peru,27,0,5/26/20096:00
Philippines,2,0,5/26/20096:00
Poland,3,0,5/26/20096:00
Portugal,1,0,5/26/20096:00
Russia,2,0,5/26/20096:00
Spain,136,0,5/26/20096:00
Sweden,3,0,5/26/20096:00
Switzerland,3,0,5/26/20096:00
Thailand,2,0,5/26/20096:00
Turkey,2,0,5/26/20096:00
UnitedKingdom,137,0,5/26/20096:00
UnitedStatesofAmerica,6764,10,5/26/20096:00
GrandTotal,12954,92,5/26/20096:00
Argentina,2,0,5/25/20098:00
Australia,16,0,5/25/20098:00
Austria,1,0,5/25/20098:00
Belgium,7,0,5/25/20098:00
Brazil,9,0,5/25/20098:00
Canada,805,1,5/25/20098:00
Chile,44,0,5/25/20098:00
China,15,0,5/25/20098:00
Colombia,13,0,5/25/20098:00
CostaRica,28,1,5/25/20098:00
Cuba,4,0,5/25/20098:00
Denmark,1,0,5/25/20098:00
Ecuador,10,0,5/25/20098:00
ElSalvador,6,0,5/25/20098:00
Finland,2,0,5/25/20098:00
France,16,0,5/25/20098:00
Germany,17,0,5/25/20098:00
Greece,1,0,5/25/20098:00
Guatemala,4,0,5/25/20098:00
Honduras,1,0,5/25/20098:00
Iceland,1,0,5/25/20098:00
India,1,0,5/25/20098:00
Ireland,1,0,5/25/20098:00
Israel,8,0,5/25/20098:00
Italy,19,0,5/25/20098:00
Japan,345,0,5/25/20098:00
Korea,Republicof,3,0,5/25/20098:00
Kuwait,18,0,5/25/20098:00
Malaysia,2,0,5/25/20098:00
Mexico,4174,80,5/25/20098:00
Netherlands,3,0,5/25/20098:00
NewZealand,9,0,5/25/20098:00
Norway,4,0,5/25/20098:00
Panama,76,0,5/25/20098:00
Peru,25,0,5/25/20098:00
Philippines,1,0,5/25/20098:00
Poland,3,0,5/25/20098:00
Portugal,1,0,5/25/20098:00
Russia,1,0,5/25/20098:00
Spain,133,0,5/25/20098:00
Sweden,3,0,5/25/20098:00
Switzerland,3,0,5/25/20098:00
Thailand,2,0,5/25/20098:00
Turkey,2,0,5/25/20098:00
UnitedKingdom,122,0,5/25/20098:00
UnitedStatesofAmerica,6552,9,5/25/20098:00
GrandTotal,12515,91,5/25/20098:00
Argentina,1,0,5/23/20098:00
Australia,12,0,5/23/20098:00
Austria,1,0,5/23/20098:00
Belgium,7,0,5/23/20098:00
Brazil,8,0,5/23/20098:00
Canada,719,1,5/23/20098:00
Chile,24,0,5/23/20098:00
China,11,0,5/23/20098:00
Colombia,12,0,5/23/20098:00
CostaRica,20,1,5/23/20098:00
Cuba,4,0,5/23/20098:00
Denmark,1,0,5/23/20098:00
Ecuador,8,0,5/23/20098:00
ElSalvador,6,0,5/23/20098:00
Finland,2,0,5/23/20098:00
France,16,0,5/23/20098:00
Germany,17,0,5/23/20098:00
Greece,1,0,5/23/20098:00
Guatemala,4,0,5/23/20098:00
India,1,0,5/23/20098:00
Ireland,1,0,5/23/20098:00
Israel,7,0,5/23/20098:00
Italy,14,0,5/23/20098:00
Japan,321,0,5/23/20098:00
Korea,Republicof,3,0,5/23/20098:00
Malaysia,2,0,5/23/20098:00
Mexico,3892,75,5/23/20098:00
Netherlands,3,0,5/23/20098:00
NewZealand,9,0,5/23/20098:00
Norway,4,0,5/23/20098:00
Panama,76,0,5/23/20098:00
Peru,5,0,5/23/20098:00
Philippines,1,0,5/23/20098:00
Poland,2,0,5/23/20098:00
Portugal,1,0,5/23/20098:00
Russia,1,0,5/23/20098:00
Spain,126,0,5/23/20098:00
Sweden,3,0,5/23/20098:00
Switzerland,2,0,5/23/20098:00
Thailand,2,0,5/23/20098:00
Turkey,2,0,5/23/20098:00
UnitedKingdom,117,0,5/23/20098:00
UnitedStatesofAmerica,6552,9,5/23/20098:00
GrandTotal,12022,86,5/23/20098:00
